position,wildtype,mutant,wt_logprob,mutant_logprob,delta_logprob,embedding_distance,disruption_score
5,S,W,-2.5409,-3.9761,-1.4353,0.0077,0.1627
1,V,W,-4.2677,-5.6486,-1.3808,0.0067,0.1549
5,S,M,-2.5409,-3.9382,-1.3973,0.0056,0.1538
13,V,W,-2.741,-3.9231,-1.1821,0.0124,0.1493
11,F,W,-2.7983,-3.8174,-1.0191,0.018,0.147
11,F,M,-2.7983,-3.8865,-1.0882,0.014,0.1439
7,S,M,-2.568,-3.7676,-1.1996,0.0087,0.1416
7,S,W,-2.568,-3.6804,-1.1125,0.011,0.1387
2,V,W,-2.75,-3.888,-1.138,0.0079,0.1336
10,Y,W,-2.8114,-4.0282,-1.2168,0.0039,0.1315
2,V,M,-2.75,-3.9456,-1.1955,0.004,0.1296
1,V,Q,-4.2677,-5.4238,-1.1561,0.0043,0.1264
1,V,H,-4.2677,-5.4418,-1.174,0.0027,0.124
4,Y,W,-2.967,-4.0918,-1.1249,0.0045,0.1238
1,V,A,-4.2677,-5.3803,-1.1125,0.004,0.1212
7,S,Q,-2.568,-3.6727,-1.1047,0.004,0.1204
4,Y,M,-2.967,-3.991,-1.0241,0.0067,0.1191
3,Y,M,-2.9137,-3.9323,-1.0186,0.0058,0.1163
5,S,Q,-2.5409,-3.5934,-1.0525,0.0038,0.1147
10,Y,M,-2.8114,-3.8716,-1.0602,0.0034,0.1144
1,V,E,-4.2677,-5.2093,-0.9416,0.0062,0.1095
8,Y,W,-2.895,-3.8937,-0.9988,0.0034,0.1084
3,Y,W,-2.9137,-3.899,-0.9853,0.0035,0.1072
8,Y,M,-2.895,-3.8654,-0.9705,0.004,0.1071
7,S,H,-2.568,-3.5524,-0.9844,0.0033,0.1066
6,N,M,-3.1848,-4.0447,-0.8599,0.0076,0.105
13,V,Q,-2.741,-3.6345,-0.8935,0.0057,0.1037
1,V,P,-4.2677,-5.2035,-0.9357,0.0039,0.1033
13,V,M,-2.741,-3.6657,-0.9247,0.0041,0.1028
5,S,H,-2.5409,-3.4628,-0.922,0.0035,0.1009
11,F,Q,-2.7983,-3.6577,-0.8594,0.0058,0.1005
13,V,P,-2.741,-3.5813,-0.8403,0.0065,0.1003
7,S,P,-2.568,-3.4474,-0.8794,0.0048,0.0999
1,V,C,-4.2677,-5.1244,-0.8566,0.0051,0.0985
6,N,W,-3.1848,-3.8494,-0.6646,0.0123,0.0973
5,S,A,-2.5409,-3.41,-0.8692,0.0041,0.0972
5,S,C,-2.5409,-3.3552,-0.8144,0.0062,0.0969
13,V,H,-2.741,-3.6104,-0.8694,0.0036,0.096
7,S,A,-2.568,-3.4205,-0.8525,0.0042,0.0959
13,V,A,-2.741,-3.5467,-0.8057,0.0048,0.0927
2,V,Q,-2.75,-3.57,-0.8199,0.0034,0.0905
5,S,E,-2.5409,-3.3206,-0.7797,0.005,0.0905
1,V,R,-4.2677,-5.046,-0.7783,0.0047,0.0895
7,S,E,-2.568,-3.3142,-0.7463,0.0059,0.0893
7,S,C,-2.568,-3.2803,-0.7124,0.0071,0.0891
5,S,P,-2.5409,-3.2981,-0.7573,0.0043,0.0865
10,Y,Q,-2.8114,-3.5505,-0.7391,0.0043,0.0846
1,V,G,-4.2677,-4.8575,-0.5898,0.0102,0.0844
11,F,H,-2.7983,-3.5678,-0.7695,0.0025,0.0832
7,S,D,-2.568,-3.2047,-0.6368,0.0071,0.0815
11,F,P,-2.7983,-3.4629,-0.6646,0.006,0.0815
2,V,E,-2.75,-3.4102,-0.6602,0.006,0.081
1,V,K,-4.2677,-4.9143,-0.6465,0.0052,0.0778
2,V,H,-2.75,-3.4511,-0.7011,0.0026,0.0767
4,Y,Q,-2.967,-3.5652,-0.5983,0.0063,0.0757
8,Y,H,-2.895,-3.5337,-0.6387,0.0046,0.0754
8,Y,Q,-2.895,-3.5112,-0.6163,0.0055,0.0754
12,D,W,-3.4663,-3.9873,-0.521,0.009,0.0745
3,Y,H,-2.9137,-3.5303,-0.6166,0.0048,0.0737
8,Y,P,-2.895,-3.4518,-0.5568,0.0071,0.0734
10,Y,H,-2.8114,-3.4564,-0.645,0.0035,0.0732
10,Y,P,-2.8114,-3.3939,-0.5826,0.0058,0.0727
11,F,A,-2.7983,-3.3633,-0.565,0.0058,0.0709
5,S,D,-2.5409,-3.0659,-0.5251,0.0073,0.0708
13,V,C,-2.741,-3.3334,-0.5924,0.0045,0.0705
10,Y,C,-2.8114,-3.3672,-0.5558,0.0051,0.0684
2,V,P,-2.75,-3.3393,-0.5892,0.0035,0.0676
3,Y,Q,-2.9137,-3.4707,-0.557,0.0047,0.0675
11,F,C,-2.7983,-3.2807,-0.4824,0.0074,0.0668
1,V,T,-4.2677,-4.8703,-0.6026,0.0025,0.0665
4,Y,E,-2.967,-3.4215,-0.4545,0.0082,0.0659
2,V,A,-2.75,-3.3174,-0.5673,0.0034,0.0651
4,Y,H,-2.967,-3.4825,-0.5156,0.0051,0.0644
6,N,Q,-3.1848,-3.7464,-0.5615,0.0031,0.064
2,V,C,-2.75,-3.2623,-0.5123,0.005,0.0638
10,Y,A,-2.8114,-3.3066,-0.4952,0.0056,0.0635
8,Y,E,-2.895,-3.3236,-0.4286,0.0081,0.0632
5,S,K,-2.5409,-3.0323,-0.4914,0.0055,0.0628
1,V,N,-4.2677,-4.8081,-0.5403,0.0035,0.0627
10,Y,E,-2.8114,-3.2888,-0.4775,0.0059,0.0626
5,S,G,-2.5409,-2.9156,-0.3747,0.0098,0.0619
5,S,R,-2.5409,-3.0563,-0.5155,0.0041,0.0617
13,V,E,-2.741,-3.24,-0.499,0.0047,0.0616
2,V,D,-2.75,-3.1452,-0.3951,0.0088,0.0616
1,V,D,-4.2677,-4.6768,-0.409,0.0071,0.0586
8,Y,A,-2.895,-3.3443,-0.4494,0.0052,0.058
11,F,E,-2.7983,-3.1768,-0.3785,0.0076,0.0567
13,V,D,-2.741,-3.0562,-0.3152,0.0099,0.0562
7,S,K,-2.568,-3.0169,-0.449,0.004,0.0549
7,S,R,-2.568,-3.0292,-0.4612,0.0035,0.0548
3,Y,E,-2.9137,-3.3045,-0.3908,0.0063,0.0548
3,Y,P,-2.9137,-3.3137,-0.4,0.0059,0.0548
11,F,D,-2.7983,-2.9798,-0.1815,0.0146,0.0548
5,S,T,-2.5409,-3.0184,-0.4775,0.0027,0.0545
8,Y,C,-2.895,-3.328,-0.4331,0.0041,0.0537
12,D,M,-3.4663,-3.8136,-0.3473,0.0071,0.0524
13,V,R,-2.741,-3.1278,-0.3868,0.0053,0.0519
7,S,T,-2.568,-3.0118,-0.4438,0.0027,0.0511
4,Y,C,-2.967,-3.318,-0.3511,0.0061,0.0505
3,Y,A,-2.9137,-3.277,-0.3633,0.0053,0.0497
3,Y,C,-2.9137,-3.2628,-0.3491,0.0058,0.0494
8,Y,D,-2.895,-3.2173,-0.3224,0.0066,0.0487
4,Y,A,-2.967,-3.2518,-0.2848,0.0079,0.0483
7,S,N,-2.568,-2.9774,-0.4094,0.0027,0.0476
13,V,G,-2.741,-3.054,-0.313,0.0064,0.0472
13,V,T,-2.741,-3.105,-0.364,0.0041,0.0466
5,S,N,-2.5409,-2.8806,-0.3397,0.0046,0.0455
2,V,G,-2.75,-3.0101,-0.2601,0.0075,0.0448
2,V,R,-2.75,-3.0977,-0.3476,0.004,0.0448
10,Y,D,-2.8114,-3.1283,-0.317,0.005,0.0442
6,N,H,-3.1848,-3.5142,-0.3294,0.0042,0.0434
4,Y,P,-2.967,-3.1815,-0.2145,0.0083,0.0423
6,N,E,-3.1848,-3.4999,-0.3151,0.0041,0.0417
4,Y,D,-2.967,-3.1593,-0.1924,0.0078,0.0387
11,F,T,-2.7983,-3.0878,-0.2895,0.0034,0.0374
3,Y,D,-2.9137,-3.1309,-0.2172,0.0063,0.0374
2,V,K,-2.75,-3.0038,-0.2538,0.0045,0.0366
4,Y,K,-2.967,-3.1182,-0.1513,0.0085,0.0364
2,V,N,-2.75,-3.0119,-0.2618,0.004,0.0362
11,F,N,-2.7983,-2.9906,-0.1923,0.006,0.0342
11,F,K,-2.7983,-2.9711,-0.1728,0.0067,0.034
7,S,G,-2.568,-2.6198,-0.0518,0.0113,0.0333
2,V,T,-2.75,-3.0076,-0.2575,0.0028,0.0328
7,S,F,-2.568,-2.7978,-0.2298,0.0038,0.0324
11,F,G,-2.7983,-2.8948,-0.0965,0.0089,0.0319
10,Y,T,-2.8114,-3.0295,-0.2181,0.0039,0.0316
10,Y,G,-2.8114,-3.0271,-0.2158,0.0038,0.031
5,S,V,-2.5409,-2.7823,-0.2414,0.0027,0.0309
5,S,Y,-2.5409,-2.7232,-0.1823,0.0049,0.0304
11,F,R,-2.7983,-2.9781,-0.1798,0.0046,0.0296
13,V,K,-2.741,-2.887,-0.146,0.0054,0.028
7,S,Y,-2.568,-2.7425,-0.1746,0.0041,0.0276
6,N,A,-3.1848,-3.336,-0.1511,0.0047,0.027
1,V,S,-4.2677,-4.4529,-0.1852,0.0033,0.0268
6,N,C,-3.1848,-3.1718,0.013,0.0107,0.0267
6,N,G,-3.1848,-2.9402,0.2447,0.0105,0.0262
3,Y,N,-2.9137,-3.0917,-0.178,0.0033,0.0261
10,Y,R,-2.8114,-2.9823,-0.1709,0.0034,0.0257
4,Y,R,-2.967,-3.0644,-0.0975,0.0063,0.0254
6,N,K,-3.1848,-3.3424,-0.1576,0.0039,0.0254
8,Y,R,-2.895,-3.0353,-0.1404,0.0044,0.0251
13,V,N,-2.741,-2.8682,-0.1272,0.0044,0.0237
12,D,Q,-3.4663,-3.5507,-0.0845,0.0061,0.0237
6,N,Y,-3.1848,-2.5979,0.5869,0.0094,0.0234
10,Y,K,-2.8114,-2.9005,-0.0892,0.0057,0.023
3,Y,R,-2.9137,-3.0109,-0.0973,0.0052,0.0227
9,W,K,-4.2675,-2.9396,1.3279,0.0089,0.0223
8,Y,G,-2.895,-2.9298,-0.0348,0.0075,0.0222
8,Y,N,-2.895,-3.0274,-0.1325,0.0035,0.022
12,D,C,-3.4663,-3.2361,0.2301,0.0086,0.0214
8,Y,K,-2.895,-2.9279,-0.0329,0.0069,0.0205
6,N,D,-3.1848,-3.1969,-0.012,0.0076,0.0201
12,D,H,-3.4663,-3.5449,-0.0787,0.0048,0.02
8,Y,T,-2.895,-2.9623,-0.0674,0.0052,0.0197
6,N,P,-3.1848,-3.2448,-0.0599,0.0055,0.0196
6,N,F,-3.1848,-2.6633,0.5216,0.0077,0.0192
4,Y,N,-2.967,-3.0574,-0.0905,0.004,0.019
9,W,E,-4.2675,-3.4275,0.8401,0.0075,0.0188
4,Y,G,-2.967,-2.9263,0.0407,0.0075,0.0188
5,S,I,-2.5409,-2.6332,-0.0924,0.0038,0.0187
12,D,L,-3.4663,-2.0822,1.384,0.0073,0.0181
10,Y,N,-2.8114,-2.9293,-0.118,0.0025,0.018
13,V,Y,-2.741,-2.6354,0.1056,0.0071,0.0178
5,S,F,-2.5409,-2.6358,-0.0949,0.0032,0.0176
9,W,M,-4.2675,-3.9246,0.3429,0.007,0.0175
11,F,Y,-2.7983,-2.7231,0.0752,0.0068,0.017
3,Y,K,-2.9137,-2.9202,-0.0065,0.0065,0.0168
3,Y,T,-2.9137,-2.9589,-0.0452,0.0047,0.0163
1,V,F,-4.2677,-4.372,-0.1043,0.0022,0.016
9,W,Q,-4.2675,-3.5875,0.68,0.0063,0.0158
4,Y,T,-2.967,-2.9629,0.0041,0.0063,0.0157
9,W,P,-4.2675,-3.4833,0.7842,0.0062,0.0155
9,W,I,-4.2675,-2.4197,1.8478,0.0062,0.0155
12,D,I,-3.4663,-2.5793,0.8869,0.0061,0.0154
9,W,D,-4.2675,-3.328,0.9395,0.0061,0.0153
12,D,F,-3.4663,-2.5076,0.9586,0.0061,0.0152
6,N,V,-3.1848,-2.6369,0.548,0.0061,0.0152
3,Y,G,-2.9137,-2.9614,-0.0477,0.004,0.0149
1,V,M,-4.2677,-0.1839,4.0838,0.0059,0.0147
9,W,H,-4.2675,-3.4638,0.8038,0.0059,0.0146
9,W,R,-4.2675,-3.1676,1.0999,0.0059,0.0146
6,N,L,-3.1848,-2.2123,0.9726,0.0058,0.0144
7,S,V,-2.568,-2.5931,-0.0251,0.0047,0.0143
9,W,T,-4.2675,-3.0851,1.1825,0.0056,0.0141
9,W,N,-4.2675,-3.0106,1.2569,0.0055,0.0139
11,F,V,-2.7983,-2.6026,0.1956,0.0055,0.0137
9,W,L,-4.2675,-2.1548,2.1127,0.0054,0.0136
12,D,P,-3.4663,-3.4251,0.0412,0.0054,0.0136
4,Y,L,-2.967,-2.1373,0.8297,0.0054,0.0134
9,W,F,-4.2675,-2.5101,1.7574,0.0054,0.0134
9,W,A,-4.2675,-3.51,0.7575,0.0053,0.0132
1,V,Y,-4.2677,-4.1784,0.0894,0.0053,0.0131
7,S,I,-2.568,-2.591,-0.023,0.0042,0.0129
12,D,K,-3.4663,-3.0343,0.432,0.0051,0.0128
9,W,G,-4.2675,-3.0965,1.171,0.0051,0.0128
12,D,R,-3.4663,-3.1569,0.3094,0.0051,0.0126
12,D,Y,-3.4663,-2.6836,0.7826,0.005,0.0124
4,Y,I,-2.967,-2.6232,0.3437,0.0049,0.0122
6,N,I,-3.1848,-2.7357,0.4491,0.0049,0.0122
9,W,C,-4.2675,-3.3603,0.9073,0.0048,0.0121
11,F,S,-2.7983,-2.4712,0.3271,0.0048,0.0121
6,N,R,-3.1848,-3.0986,0.0862,0.0046,0.0114
12,D,T,-3.4663,-3.0627,0.4035,0.0045,0.0112
9,W,S,-4.2675,-2.5192,1.7483,0.0044,0.011
6,N,S,-3.1848,-2.2279,0.9569,0.0043,0.0108
12,D,S,-3.4663,-2.4623,1.0039,0.0043,0.0108
13,V,I,-2.741,-2.4846,0.2564,0.0042,0.0106
2,V,Y,-2.75,-2.4551,0.295,0.004,0.0101
4,Y,F,-2.967,-2.661,0.306,0.0039,0.0097
13,V,F,-2.741,-2.6351,0.1059,0.0038,0.0094
12,D,A,-3.4663,-3.4326,0.0336,0.0038,0.0094
3,Y,I,-2.9137,-2.639,0.2747,0.0037,0.0094
13,V,L,-2.741,-2.2612,0.4798,0.0037,0.0093
12,D,V,-3.4663,-2.5797,0.8866,0.0037,0.0092
12,D,G,-3.4663,-3.1716,0.2946,0.0037,0.0092
3,Y,L,-2.9137,-2.1918,0.7219,0.0036,0.0091
4,Y,V,-2.967,-2.6732,0.2938,0.0036,0.009
4,Y,S,-2.967,-2.4117,0.5553,0.0036,0.009
12,D,E,-3.4663,-3.4947,-0.0285,0.0024,0.0089
9,W,Y,-4.2675,-2.6839,1.5836,0.0035,0.0087
1,V,I,-4.2677,-4.2841,-0.0164,0.0027,0.0085
3,Y,S,-2.9137,-2.4938,0.4199,0.0034,0.0085
10,Y,L,-2.8114,-2.2285,0.5829,0.0033,0.0084
8,Y,I,-2.895,-2.5855,0.3095,0.0033,0.0083
8,Y,L,-2.895,-2.2308,0.6642,0.0033,0.0083
10,Y,I,-2.8114,-2.5684,0.2429,0.0032,0.0081
9,W,V,-4.2675,-2.6153,1.6522,0.0032,0.0081
13,V,S,-2.741,-2.5608,0.1802,0.0032,0.0079
3,Y,V,-2.9137,-2.639,0.2747,0.0031,0.0077
8,Y,F,-2.895,-2.7311,0.1639,0.0031,0.0076
8,Y,V,-2.895,-2.5986,0.2963,0.0029,0.0072
7,S,L,-2.568,-2.342,0.2259,0.0029,0.0072
12,D,N,-3.4663,-3.1029,0.3634,0.0029,0.0071
2,V,I,-2.75,-2.6558,0.0942,0.0028,0.0071
2,V,S,-2.75,-2.4717,0.2783,0.0027,0.0069
5,S,L,-2.5409,-2.2023,0.3386,0.0027,0.0069
3,Y,F,-2.9137,-2.7659,0.1478,0.0027,0.0067
6,N,T,-3.1848,-3.0481,0.1367,0.0027,0.0066
10,Y,F,-2.8114,-2.7106,0.1008,0.0026,0.0065
8,Y,S,-2.895,-2.4344,0.4606,0.0025,0.0063
2,V,F,-2.75,-2.7444,0.0056,0.0025,0.0062
10,Y,S,-2.8114,-2.5282,0.2831,0.0023,0.0059
10,Y,V,-2.8114,-2.6829,0.1284,0.0022,0.0054
11,F,L,-2.7983,-2.2911,0.5072,0.0021,0.0052
1,V,L,-4.2677,-3.9997,0.268,0.0019,0.0048
11,F,I,-2.7983,-2.6973,0.101,0.0019,0.0047
2,V,L,-2.75,-2.2806,0.4695,0.0019,0.0047
